fiscalDateEnding,reportedDate,reportedEPS,estimatedEPS,surprise,surprisePercentage
2025-03-31,2025-04-30,3.46,3.22,0.24,7.4534
2024-12-31,2025-01-29,3.23,3.11,0.12,3.8585
2024-09-30,2024-10-30,3.3,3.1,0.2,6.4516
2024-06-30,2024-07-30,2.95,2.93,0.02,0.6826
2024-03-31,2024-04-25,2.94,2.82,0.12,4.2553
2023-12-31,2024-01-30,2.93,2.78,0.15,5.3957
2023-09-30,2023-10-24,2.99,2.65,0.34,12.8302
2023-06-30,2023-07-25,2.69,2.55,0.14,5.4902
2023-03-31,2023-04-25,2.45,2.23,0.22,9.8655
2022-12-31,2023-01-24,2.32,2.29,0.03,1.31
2022-09-30,2022-10-25,2.35,2.3,0.05,2.1739
2022-06-30,2022-07-26,2.23,2.29,-0.06,-2.6201
2022-03-31,2022-04-26,2.22,2.19,0.03,1.3699
2021-12-31,2022-01-25,2.48,2.31,0.17,7.3593
2021-09-30,2021-10-26,2.27,2.07,0.2,9.6618
2021-06-30,2021-07-27,2.17,1.92,0.25,13.0208
2021-03-31,2021-04-27,1.95,1.78,0.17,9.5506
2020-12-31,2021-01-26,2.03,1.64,0.39,23.7805
2020-09-30,2020-10-27,1.82,1.54,0.28,18.1818
2020-06-30,2020-07-22,1.46,1.34,0.12,8.9552
2020-03-31,2020-04-29,1.4,1.26,0.14,11.1111
2019-12-31,2020-01-29,1.51,1.32,0.19,14.3939
2019-09-30,2019-10-23,1.38,1.25,0.13,10.4
2019-06-30,2019-07-18,1.37,1.21,0.16,13.2231
2019-03-31,2019-04-24,1.14,1,0.14,14
2018-12-31,2019-01-30,1.1,1.09,0.01,0.9174
2018-09-30,2018-10-24,1.14,0.96,0.18,18.75
2018-06-30,2018-07-19,1.13,1.08,0.05,4.6296
2018-03-31,2018-04-26,0.95,0.85,0.1,11.7647
2017-12-31,2018-01-31,0.96,0.86,0.1,11.6279
2017-09-30,2017-10-26,0.84,0.72,0.12,16.6667
2017-06-30,2017-07-20,0.98,0.71,0.27,38.0282
2017-03-31,2017-04-27,0.73,0.7,0.03,4.2857
2016-12-31,2017-01-26,0.84,0.79,0.05,6.3291
2016-09-30,2016-10-20,0.76,0.68,0.08,11.7647
2016-06-30,2016-07-19,0.69,0.58,0.11,18.9655
2016-03-31,2016-04-21,0.62,0.64,-0.02,-3.125
2015-12-31,2016-01-28,0.78,0.71,0.07,9.8592
2015-09-30,2015-10-22,0.67,0.59,0.08,13.5593
2015-06-30,2015-07-21,0.6,0.56,0.04,7.1429
2015-03-31,2015-04-23,0.61,0.51,0.1,19.6078
2014-12-31,2015-01-26,0.75,0.71,0.04,5.6338
2014-09-30,2014-10-23,0.54,0.49,0.05,10.2041
2014-06-30,2014-07-22,0.55,0.6,-0.05,-8.3333
2014-03-31,2014-04-24,0.68,0.63,0.05,7.9365
2013-12-31,2014-01-23,0.78,0.68,0.1,14.7059
2013-09-30,2013-10-24,0.62,0.54,0.08,14.8148
2013-06-30,2013-07-18,0.66,0.75,-0.09,-12
2013-03-31,2013-04-18,0.72,0.68,0.04,5.8824
2012-12-31,2013-01-24,0.76,0.75,0.01,1.3333
2012-09-30,2012-10-18,0.53,0.56,-0.03,-5.3571
2012-06-30,2012-07-19,0.67,0.62,0.05,8.0645
2012-03-31,2012-04-19,0.6,0.57,0.03,5.2632
2011-12-31,2012-01-19,0.78,0.76,0.02,2.6316
2011-09-30,2011-10-20,0.68,0.68,0,0
2011-06-30,2011-07-21,0.69,0.58,0.11,18.9655
2011-03-31,2011-04-28,0.61,0.56,0.05,8.9286
2010-12-31,2011-01-27,0.77,0.68,0.09,13.2353
2010-09-30,2010-10-28,0.62,0.55,0.07,12.7273
2010-06-30,2010-07-22,0.51,0.46,0.05,10.8696
2010-03-31,2010-04-22,0.45,0.42,0.03,7.1429
2009-12-31,2010-01-28,0.74,0.59,0.15,25.4237
2009-09-30,2009-10-23,0.4,0.32,0.08,25
2009-06-30,2009-07-23,0.36,0.36,0,0
2009-03-31,2009-04-23,0.39,0.39,0,0
2008-12-31,2009-01-22,0.47,0.49,-0.02,-4.0816
2008-09-30,2008-10-23,0.48,0.47,0.01,2.1277
2008-06-30,2008-07-17,0.46,0.47,-0.01,-2.1277
2008-03-31,2008-04-24,0.47,0.44,0.03,6.8182