fiscalDateEnding,reportedDate,reportedEPS,estimatedEPS,surprise,surprisePercentage,prev_quarter_EPS,estimatedEPS_change,estimatedEPS_pct_change,as_of,garch_vol,e_garch_vol,call_delta,put_delta,call_gamma,put_gamma,call_vega,put_vega,call_theta,put_theta,call_rho,put_rho,atm_iv,iv_garch_spread,surprise_norm,garch_vol_lag1,atm_iv_lag1,iv_garch_spread_lag1,atm_iv estimatedEPS,garch_vol_roll5_mean,garch_vol_roll5_std,garch_vol_roll10_mean,garch_vol_roll10_std,atm_iv_roll5_mean,atm_iv_roll5_std,atm_iv_roll10_mean,atm_iv_roll10_std,iv_garch_spread_roll5_mean,iv_garch_spread_roll5_std,iv_garch_spread_roll10_mean,iv_garch_spread_roll10_std,strike,call_ask,put_ask,straddle_cost,underlying,underlying_t1,abs_move,return,breakeven_pct,realized_vol
2008-03-31,2008-04-24,0.47,0.44,0.03,6.8182,,,,2008-04-23,0.3059583560743006,1.0604633785076855e-13,1.0,-0.0078,0.0,0.00592,0.0,0.00173,-0.00143,-0.0016,0.01576,-0.00017,0.01976,-0.2861983560743006,0.06818181818181818,,,,0.0086944,,,,,,,,,,,,,24.0,7.55,0.03,758.0,31.6299991607666,21.357271194458008,264.2728805541992,-0.6513550388467029,0.2396459121441307,6.23413763937612
2008-06-30,2008-07-17,0.46,0.47,-0.01,-2.1277,0.47,0.0,0.0,2008-07-16,0.3297088944971846,7.5130661604766775e-62,1.0,-0.00817,0.0,0.00617,0.0,0.00055,-0.00107,-0.01344,0.00164,-2e-05,0.01976,-0.3099488944971846,-0.021276595744680854,0.3059583560743006,0.01976,-0.2861983560743006,0.009287199999999999,,,,,,,,,,,,,20.0,7.3,0.02,731.9999999999999,27.579999923706055,18.58793830871582,141.20616912841797,-0.8070953973655491,0.26540971792056395,6.263731203894502
2008-09-30,2008-10-23,0.48,0.47,0.01,2.1277,0.46,0.009999999999999953,0.021739130434782507,2008-10-22,0.9744826067109009,0.9074251202873674,1.0,-0.00932,0.0,0.00731,0.0,0.00157,-0.00033,-0.00138,0.01273,-0.00018,0.01976,-0.9547226067109009,0.021276595744680854,0.3297088944971846,0.01976,-0.3099488944971846,0.009287199999999999,0.5367166190941287,0.3793024083161221,,,0.01976,0.0,,,-0.5169566190941287,0.3793024083161221,,,15.0,6.85,0.3,715.0,21.549999237060547,15.161225318908691,16.12253189086914,-0.9774510043484348,0.33178655466974727,5.582025881111064
2008-12-31,2009-01-22,0.47,0.49,-0.02,-4.0816,0.48,0.010000000000000009,0.020833333333333353,2009-01-21,0.5872031819140382,0.5960410442736264,1.0,-0.01371,0.0,0.01513,0.0,0.00198,-9e-05,-0.00131,0.01274,-0.00024,0.01976,-0.5674431819140382,-0.04081632653061225,0.9744826067109009,0.01976,-0.9547226067109009,0.009682399999999999,0.5493382597991061,0.3107261944101521,,,0.01976,0.0,,,-0.5295782597991061,0.3107261944101521,,,15.0,4.5,0.13,463.0,18.049999237060547,12.697620391845703,230.2379608154297,-0.5027257865757458,0.25650970613304014,5.583557118838631
2009-03-31,2009-04-23,0.39,0.39,0.0,0.0,0.47,-0.07999999999999996,-0.17021276595744672,2009-04-22,0.4730479292314796,0.49036129621964636,1.0,-0.0101,0.0,0.011,0.0,0.00129,-6e-05,-0.00137,0.0092,-0.00013,0.01976,-0.4532879292314796,0.0,0.5872031819140382,0.01976,-0.5674431819140382,0.0077064,0.5340801936855808,0.27125102548577634,0.5340801936855808,0.27125102548577634,0.01976,0.0,0.01976,0.0,-0.5143201936855808,0.27125102548577634,-0.5143201936855808,0.27125102548577634,14.0,4.8,0.03,483.0,18.920000076293945,15.198769569396973,119.87695693969727,-0.7518075425679146,0.2552854112327309,3.476598063071828
2009-06-30,2009-07-23,0.36,0.36,0.0,0.0,0.39,-0.030000000000000027,-0.07692307692307698,2009-07-22,0.33993364066068166,0.30299433577478996,1.0,-0.011,0.0,0.00977,0.0,0.00209,-7e-05,-0.00138,0.01614,-0.00024,0.01976,-0.32017364066068166,0.0,0.4730479292314796,0.01976,-0.4532879292314796,0.0071135999999999994,0.540875250602857,0.2644479734144784,0.5017224348480976,0.25523291794667974,0.01976,0.0,0.01976,0.0,-0.521115250602857,0.2644479734144784,-0.4819624348480976,0.25523291794667974,19.0,5.85,0.03,588.0,24.93000030517578,18.3978271484375,60.21728515625,-0.8975896510948129,0.2358604062583681,4.823300023011294
2009-09-30,2009-10-23,0.4,0.32,0.08,25.0,0.36,-0.03999999999999998,-0.11111111111111106,2009-10-22,0.2393305132676416,0.22911598197201138,1.0,-0.00877,0.0,0.00726,0.0,0.00181,-6e-05,-0.0013,0.01644,-0.0002,0.01976,-0.2195705132676416,0.25,0.33993364066068166,0.01976,-0.32017364066068166,0.0063232,0.5227995743569485,0.28479609849723214,0.4642378746223182,0.2532235793198461,0.01976,0.0,0.01976,0.0,-0.5030395743569483,0.28479609849723214,-0.4444778746223182,0.2532235793198461,20.0,6.65,0.02,667.0,29.200000762939453,22.4539737701416,245.39737701416016,-0.632087890533493,0.2284246515659528,4.170251178920234
2009-12-31,2010-01-28,0.74,0.59,0.15,25.4237,0.4,0.18999999999999995,0.47499999999999987,2010-01-27,0.18229511906633664,0.273371798321127,1.0,-0.01021,0.0,0.01217,0.0,0.00206,-8e-05,-0.00126,0.01644,-0.0002,0.01976,-0.16253511906633664,0.2542372881355932,0.2393305132676416,0.01976,-0.2195705132676416,0.0116584,0.3643620768280355,0.16646980966315925,0.4289950301778205,0.254751514638849,0.01976,0.0,0.01976,0.0,-0.34460207682803556,0.16646980966315925,-0.4092350301778205,0.254751514638849,25.0,4.75,0.07,482.0,29.84000015258789,21.647274017333984,335.27259826660156,-0.3044136965423204,0.16152814930806836,5.095244684965037
2010-03-31,2010-04-22,0.45,0.42,0.03,7.1429,0.74,-0.32,-0.43243243243243246,2010-04-21,0.1455172762149044,0.04685275448501267,1.0,-0.00857,0.0,0.00768,0.0,0.00213,-0.00014,-0.00114,0.02123,-0.00024,0.01976,-0.1257572762149044,0.07142857142857142,0.18229511906633664,0.01976,-0.16253511906633664,0.0082992,0.27602489568820876,0.13235028418740866,0.39749750195971867,0.25634915835455807,0.01976,0.0,0.01976,0.0,-0.25626489568820876,0.13235028418740866,-0.37773750195971867,0.25634915835455807,25.0,6.4,0.01,641.0,31.040000915527344,19.883045196533203,511.6954803466797,-0.20172311958396305,0.20650772586780058,7.070654332129681
2010-06-30,2010-07-22,0.51,0.46,0.05,10.8696,0.45,0.010000000000000009,0.02222222222222224,2010-07-21,0.2590342053877365,0.28092083161683823,1.0,-0.01149,0.0,0.01168,0.0,0.00056,-0.0001,-0.01938,0.0011,-2e-05,0.01976,-0.23927420538773653,0.10869565217391304,0.1455172762149044,0.01976,-0.1257572762149044,0.0090896,0.23322215091946016,0.07479409052450592,0.3836511723025205,0.24562256591059584,0.01976,0.0,0.01976,0.0,-0.21346215091946016,0.07479409052450592,-0.3638911723025205,0.2456225659105958,20.0,5.15,0.01,516.0,25.510000228881836,19.534883499145508,46.51165008544922,-0.9098611432452535,0.20227361637409813,4.23641048922998
2010-09-30,2010-10-28,0.62,0.55,0.07,12.7273,0.51,0.040000000000000036,0.07843137254901968,2010-10-27,0.232344992039779,0.227331544766764,1.0,-0.00952,0.0,0.00848,0.0,0.00049,-0.0001,-0.01921,0.0011,-1e-05,0.01976,-0.212584992039779,0.1272727272727273,0.2590342053877365,0.01976,-0.23927420538773653,0.010868000000000001,0.2117044211952796,0.046569807311301316,0.37628983589906834,0.2492855341250997,0.01976,0.0,0.01976,0.0,-0.1919444211952796,0.046569807311301316,-0.35652983589906834,0.24928553412509968,20.0,6.15,0.01,616.0,26.209999084472656,20.293474197387695,29.34741973876953,-0.9523580848396599,0.23502480790429753,4.061359748091405
2010-12-31,2011-01-27,0.77,0.68,0.09,13.2353,0.62,0.06000000000000005,0.09677419354838718,2011-01-26,0.19139622644297113,0.19603483901235078,0.97939,-0.01232,0.01896,0.01348,0.00106,0.00068,-0.03263,-0.01893,0.00128,-2e-05,1.22948,1.0380837735570287,0.13235294117647056,0.232344992039779,0.01976,-0.212584992039779,0.8360464,0.20211756383034554,0.044341488620354357,0.36245856909364693,0.25590630251839286,0.261704,0.5410032307482091,0.140732,0.38254705310588916,0.05958643616965444,0.5487582085264842,-0.22172656909364702,0.5077562435614233,24.0,4.85,0.01,485.99999999999994,28.75,21.244998931884766,275.50010681152344,-0.43312735223966364,0.16904347826086955,4.8022964943365425
2011-03-31,2011-04-28,0.61,0.56,0.05,8.9286,0.77,-0.20999999999999996,-0.27272727272727265,2011-04-27,0.2008870687480071,0.1751729113388514,0.98422,-0.00891,0.01128,0.00762,0.00077,0.00047,-0.03472,-0.01905,0.00107,-1e-05,1.79532,1.594432931251993,0.08928571428571429,0.19139622644297113,1.22948,1.0380837735570287,1.0053792000000001,0.20583595376667962,0.04302360728544381,0.28509901529735754,0.14184468912030437,0.616816,0.8416734010766884,0.318288,0.6433286808260092,0.41098004623332035,0.8505249434759381,0.0331889847026424,0.7017185546721791,20.0,6.45,0.01,646.0,26.459999084472656,19.96126365661621,3.8736343383789062,-0.9940036620148933,0.2441421097323801,4.474079960691395
2011-06-30,2011-07-21,0.69,0.58,0.11,18.9655,0.61,-0.030000000000000027,-0.04918032786885251,2011-07-20,0.22216479642947307,0.1628266258477418,0.93921,-0.00841,0.02123,0.00651,0.00241,0.00046,-0.17055,-0.02015,0.001,-1e-05,2.82944,2.607275203570527,0.18965517241379312,0.2008870687480071,1.79532,1.594432931251993,1.6410752,0.22116545780959335,0.026727527502142075,0.24859517674890105,0.0945443626701572,1.178752,1.2035390743636036,0.599256,1.008419079232439,0.9575865421904066,1.2181238520385096,0.35066082325109893,1.0375696790319648,20.0,7.5,0.03,753.0,27.040000915527344,21.340116500854492,134.01165008544922,-0.822029681161422,0.2784763219322231,3.757949703865513
2011-09-30,2011-10-20,0.68,0.68,0.0,0.0,0.69,-0.009999999999999898,-0.014492753623188259,2011-10-19,0.2369204952571808,0.21190327781061213,0.98341,-0.0093,0.01229,0.00827,0.00102,0.00062,-0.02316,-0.0126,0.00169,-2e-05,1.36606,1.1291395047428192,0.0,0.22216479642947307,2.82944,2.607275203570527,0.9289208000000001,0.2167427157834822,0.019835692779691112,0.22498243335147117,0.05231249287561843,1.448012,1.0153007321577188,0.7338859999999999,1.0123186666504222,1.2312692842165176,1.0195276392860924,0.5089035666485289,1.0218852594949632,21.0,6.2,0.01,621.0,27.260000228881836,21.209575653076172,20.957565307617188,-0.9662519077172026,0.22780630769843263,3.9839883026651095
2011-12-31,2012-01-19,0.78,0.76,0.02,2.6316,0.68,0.07999999999999996,0.11764705882352934,2012-01-18,0.20699592806337344,0.18253412055866206,1.0,-0.00966,0.0,0.00924,0.0,0.00066,-6e-05,-0.01205,0.00185,-2e-05,0.01976,-0.18723592806337344,0.02631578947368421,0.2369204952571808,1.36606,1.1291395047428192,0.0150176,0.2116729029882011,0.0180060591870365,0.21168866209174036,0.03328640524185991,1.4480119999999999,1.0153007321577188,0.7338859999999999,1.0123186666504222,1.2363390970117991,1.010576540924266,0.5221973379082596,1.010704885437927,22.5,5.75,0.01,576.0,28.15999984741211,23.36554527282715,86.55452728271484,-0.8497317234675089,0.20454545565380539,2.9628183518139504
2012-03-31,2012-04-19,0.6,0.57,0.03,5.2632,0.78,-0.21000000000000008,-0.26923076923076933,2012-04-18,0.20990451809781324,0.2173389708843814,0.99163,-0.00837,0.00657,0.00657,0.00064,0.00064,-0.01329,-0.01319,0.00195,-2e-05,1.22948,1.0195754819021867,0.052631578947368425,0.20699592806337344,0.01976,-0.18723592806337344,0.7008035999999999,0.21537456131916954,0.01432083160288514,0.20874606257475753,0.03184054940814863,1.4480119999999999,1.0153007321577188,0.8548579999999999,0.9895227225935183,1.2326374386808303,1.0115177408789051,0.6461119374252424,0.9852995304521489,24.0,7.2,0.02,722.0,31.1299991607666,25.410091400146484,141.00914001464844,-0.8046964819741711,0.23193061980867083,3.222930899367606
2012-06-30,2012-07-19,0.67,0.62,0.05,8.0645,0.6,0.020000000000000018,0.03333333333333337,2012-07-18,0.23908607537247373,0.24362847556822256,1.0,-0.00887,0.0,0.00768,0.0,0.00066,-0.00011,-0.0125,0.00197,-2e-05,0.01976,-0.21932607537247373,0.08064516129032259,0.20990451809781324,1.22948,1.0195754819021867,0.0122512,0.22301436264406288,0.014839647127493567,0.21442515820537125,0.031662680401342715,1.0929,1.1631960897458347,0.8548579999999999,0.9895227225935183,0.8698856373559373,1.1631885360213527,0.6404328417946288,0.9906275706245777,24.0,6.5,0.01,651.0,30.510000228881836,23.315357208251953,68.46427917480469,-0.8948321364442324,0.2133726630994059,4.269325944578492
2012-09-30,2012-10-18,0.53,0.56,-0.03,-5.3571,0.67,-0.10999999999999999,-0.16417910447761191,2012-10-17,0.1968313687478256,0.20756297005791247,0.99154,-0.00934,0.00721,0.00774,0.00062,0.00067,-0.01235,-0.01359,0.00187,-2e-05,1.19046,0.9936286312521745,-0.05357142857142856,0.23908607537247373,0.01976,-0.21932607537247373,0.6666576000000001,0.21794767710773338,0.01895607687834756,0.21955656745866334,0.02191057479238627,0.765104,0.6835196168947895,0.9719280000000001,0.9481316804091905,0.5471563228922667,0.6870314863603633,0.7523714325413366,0.957107003242669,23.0,6.65,0.01,666.0,29.649999618530273,22.443819046020508,55.61809539794922,-0.9164893462493255,0.22462057624573187,4.4202068247926265
2012-12-31,2013-01-24,0.76,0.75,0.01,1.3333,0.53,0.21999999999999997,0.4150943396226414,2013-01-23,0.19907152101131378,0.7197219914904132,1.0,-0.01088,0.0,0.01142,0.0,0.00059,-8e-05,-0.01803,0.00123,-2e-05,0.01976,-0.17931152101131378,0.013333333333333334,0.1968313687478256,1.19046,0.9936286312521745,0.01482,0.21037788225855997,0.01693490384252918,0.2135602990210211,0.017708317158653595,0.49584399999999995,0.6520508210868227,0.9719280000000001,0.9481316804091905,0.28546611774144004,0.6585384081266132,0.758367700978979,0.9503681651088074,22.5,5.15,0.01,516.0,27.700000762939453,22.531259536743164,3.1259536743164062,-0.9939419502435729,0.18628158331691086,3.2785427901105035
2013-03-31,2013-04-18,0.72,0.68,0.04,5.8824,0.76,-0.07999999999999996,-0.1052631578947368,2013-04-17,0.20043506123953034,0.1937034213657996,0.96505,-0.00995,0.02073,0.00929,0.00202,0.00069,-0.04798,-0.01263,0.0018,-2e-05,1.4246,1.2241649387604698,0.058823529411764705,0.19907152101131378,0.01976,-0.17931152101131378,0.9687280000000001,0.20906570889379134,0.017506976848994493,0.2103693059409962,0.016798952599516487,0.7768120000000001,0.6967599551638999,1.112412,0.8938999227703786,0.5677462911062087,0.7060433965083125,0.9020426940590038,0.8942153445308331,23.0,6.0,0.01,601.0,28.950000762939453,25.121593475341797,212.1593475341797,-0.6469894383790687,0.2075993036827047,2.251679187633878
2013-06-30,2013-07-18,0.66,0.75,-0.09,-12.0,0.72,0.030000000000000027,0.041666666666666706,2013-07-17,0.19700281176449405,0.196705324387842,1.0,-0.00911,0.0,0.00762,0.0,0.0008,-7e-05,-0.01321,0.00238,-3e-05,0.01976,-0.17724281176449405,-0.12,0.20043506123953034,1.4246,1.2241649387604698,0.01482,0.20648536762712752,0.018285896440795122,0.21092996447314852,0.01617743736402494,0.534868,0.7101817825880918,0.9914400000000001,0.9559959830227088,0.3283826323728726,0.7173516312000827,0.7805100355268515,0.9542441976314924,29.0,6.8,0.02,681.9999999999999,35.720001220703125,26.266010284423828,273.3989715576172,-0.599121742584139,0.19092944476292914,4.880380460465201
2013-09-30,2013-10-24,0.62,0.54,0.08,14.8148,0.66,-0.12,-0.1818181818181818,2013-10-23,0.22982145118508474,3.3372307752435693,0.91808,-0.01036,0.03167,0.00989,0.00378,0.00069,-0.18088,-0.0191,0.00137,-2e-05,1.91239,1.6825685488149154,0.14814814814814814,0.19700281176449405,0.01976,-0.17724281176449405,1.0326906,0.2046324427896497,0.014160649990675843,0.21382340271685626,0.016758725700502845,0.913394,0.8563372003364095,1.003147,0.967580613099268,0.7087615572103504,0.8468718153577018,0.7893235972831438,0.962964184803123,28.0,7.45,0.01,746.0,33.81999969482422,29.525070190429688,152.50701904296875,-0.7955669986019186,0.22057954072488273,2.155958108386581
2013-12-31,2014-01-23,0.78,0.68,0.1,14.7059,0.62,0.06000000000000005,0.09677419354838718,2014-01-22,0.2786692843093831,9.926621281704554e-25,0.94521,-0.01045,0.02638,0.0097,0.00295,0.00074,-0.11662,-0.01976,0.00153,-2e-05,1.58069,1.3020207156906167,0.14705882352941177,0.22982145118508474,1.91239,1.6825685488149154,1.0748692,0.2210000259019612,0.03493996384497865,0.21947385150484727,0.026549383293378023,0.9914400000000001,0.9043389983020748,0.8782719999999999,0.7650840421780835,0.7704399740980389,0.8832544268623429,0.6587981484951528,0.7552219361463132,30.0,6.15,0.01,616.0,36.09000015258789,30.64820098876953,64.82009887695312,-0.8947725667581929,0.17068439938918334,2.5945590530952396
2014-03-31,2014-04-24,0.68,0.63,0.05,7.9365,0.78,-0.15000000000000002,-0.19230769230769232,2014-04-23,0.18340483929102158,0.18168315736777874,1.0,-0.00906,0.0,0.00776,0.0,0.00072,-9e-05,-0.01928,0.00181,-2e-05,0.01976,-0.16364483929102158,0.07936507936507937,0.2786692843093831,1.58069,1.3020207156906167,0.0124488,0.21786668955790275,0.03796924426526324,0.21412228590823137,0.027996078098031525,0.9914400000000001,0.9043389983020748,0.743642,0.7878265232453707,0.7735733104420972,0.8790607171074851,0.5295197140917687,0.7761231214091634,33.0,6.85,0.02,686.9999999999999,39.7400016784668,33.47845458984375,47.845458984375,-0.9303559548990175,0.17287367161140615,2.721782700523382
2014-06-30,2014-07-22,0.55,0.6,-0.05,-8.3333,0.68,-0.08000000000000007,-0.11764705882352951,2014-07-21,0.24292363604712922,0.21608488660236067,0.94631,-0.01503,0.02291,0.0109,0.00512,0.00178,-0.06508,-0.01651,0.00389,-8e-05,1.01485,0.7719263639528708,-0.08333333333333334,0.18340483929102158,0.01976,-0.16364483929102158,0.60891,0.22636440451942255,0.03784701819165804,0.21771505670660693,0.02925686296207278,0.9094899999999999,0.8733065792435093,0.843151,0.7480763400653407,0.6831255954805775,0.8436612069811316,0.6254359432933931,0.7359292688964518,38.0,7.05,0.03,708.0,45.0,37.59212112426758,40.78788757324219,-0.9423899893033303,0.15733333333333333,2.855316074560719
2014-09-30,2014-10-23,0.54,0.49,0.05,10.2041,0.55,-0.06000000000000005,-0.10909090909090918,2014-10-22,0.16712351205763093,2.43088111985356e-12,1.0,-0.01018,0.0,0.00898,0.0,0.00089,-9e-05,-0.02039,0.00208,-3e-05,0.01976,-0.14736351205763093,0.10204081632653061,0.24292363604712922,1.01485,0.7719263639528708,0.009682399999999999,0.22038854457804993,0.0452725436781709,0.2134369561025887,0.03336524256411887,0.9094900000000001,0.8733065792435093,0.7221789999999999,0.7759542003874254,0.6891014554219501,0.8361155326423844,0.5087420438974114,0.7586556355451608,38.0,6.55,0.01,656.0,44.619998931884766,39.212486267089844,121.24862670898438,-0.8151697763582555,0.1470192773875735,2.050779123319198
2014-12-31,2015-01-26,0.75,0.71,0.04,5.6338,0.54,0.16999999999999993,0.31481481481481466,2015-01-25,0.1985393892153536,0.19452015172008805,,,,,,,,,,,,,0.056338028169014086,0.16712351205763093,0.01976,-0.14736351205763093,,0.2141321321841037,0.04580148804121477,0.2093822874868767,0.03235018719895838,0.658765,0.7731746272996802,0.8002255555555555,0.7802828377279469,0.4407346820737088,0.7217191636722,0.5896385015940653,0.7575490117800877,37.0,6.2,0.02,622.0,47.0,41.23960876464844,423.96087646484375,-0.3183908738507335,0.13234042553191488,2.0755669710201654
2015-03-31,2015-04-23,0.61,0.51,0.1,19.6078,0.75,-0.24,-0.32,2015-04-22,0.22405628348701023,0.1993050721389194,1.0,-0.00967,0.0,0.00926,0.0,0.00082,-0.00013,-0.01808,0.00203,-2e-05,0.01976,-0.20429628348701023,0.19607843137254902,0.1985393892153536,,,0.0100776,0.20320953201962913,0.030528814380986046,0.21210477896079513,0.03232215013720974,0.2685325,0.49754499999999896,0.6701477777777778,0.8043080847967675,0.06415543227930202,0.47245431629625134,0.4565357332897114,0.782521672041733,37.0,6.2,0.02,622.0,42.88999938964844,41.23960876464844,423.96087646484375,-0.3183908738507335,0.14502215174899738,0.6229079417204173
2015-06-30,2015-07-21,0.6,0.56,0.04,7.1429,0.61,-0.04999999999999993,-0.081967213114754,2015-07-20,0.21339292426836634,0.9752668687974883,1.0,-0.03071,0.0,0.0201,0.0,0.00341,-0.00016,-0.02992,0.00449,-0.00016,0.01976,-0.19363292426836634,0.07142857142857142,0.22405628348701023,0.01976,-0.20429628348701023,0.0110656,0.20920714901509804,0.028546683719524162,0.21353691928650043,0.031996138225072544,0.2685325,0.49754499999999896,0.6701477777777778,0.8043080847967675,0.056658411034965835,0.47748518116438526,0.45494446626115004,0.7839894850229043,41.0,6.2,0.08,628.0,46.779998779296875,39.83413314819336,116.58668518066406,-0.8143524121327005,0.13424540752188518,2.5515346283068188
2015-09-30,2015-10-22,0.67,0.59,0.08,13.5593,0.6,-0.010000000000000009,-0.016666666666666684,2015-10-21,0.2004027753883437,0.6341681114955505,0.87457,-0.04248,0.03363,0.02288,0.00721,0.00316,-0.31668,-0.08944,0.0019,-0.00011,1.7563,1.5558972246116562,0.13559322033898305,0.21339292426836634,0.01976,-0.19363292426836634,1.036217,0.20070297688334096,0.021440402191165806,0.21353369070138176,0.031997608763570044,0.453895,0.8682699999999997,0.7070033333333333,0.8495289480500354,0.2526511261996622,0.8691820854051449,0.491803609133504,0.8310599838534355,41.0,7.05,0.08,713.0,47.529998779296875,46.1453857421875,514.53857421875,-0.27834702073106593,0.1500105235244754,0.46931542547701066
2015-12-31,2016-01-28,0.78,0.71,0.07,9.8592,0.67,0.039999999999999925,0.059701492537313314,2016-01-27,0.2637554144315175,0.26221471093665394,1.0,-0.04752,0.0,0.02433,0.0,0.00375,-0.00047,-0.10072,0.00247,-0.00014,0.01976,-0.2439954144315175,0.09859154929577466,0.2004027753883437,1.7563,1.5558972246116562,0.0140296,0.2200293573581183,0.026548295124085162,0.2202089509680841,0.034988860574944824,0.453895,0.8682699999999997,0.7070033333333333,0.8495289480500354,0.22849315060619052,0.8852013211937375,0.48438665328161257,0.8380459088525235,45.0,6.55,0.09,664.0,51.86000061035156,48.407108306884766,340.71083068847656,-0.4868812790836196,0.12803702124667188,1.0937714205928406
2016-03-31,2016-04-21,0.62,0.64,-0.02,-3.125,0.78,-0.14,-0.1794871794871795,2016-04-20,0.2593451506174389,0.24512698709264502,0.99152,-0.02666,0.00776,0.0167,0.00095,0.00254,-0.01763,-0.05695,0.00266,-8e-05,0.72218,0.46283484938256114,-0.03125,0.2637554144315175,0.01976,-0.2439954144315175,0.46219520000000003,0.23219050963853535,0.028123356133635674,0.22316132091131952,0.037073591018033134,0.507552,0.7614558181010895,0.5747577777777777,0.7214108400346116,0.2753614903614646,0.7737371909372283,0.3488606866780176,0.7087036227867571,49.0,6.7,0.05,675.0,55.79999923706055,45.8253173828125,317.46826171875,-0.5296766493055556,0.12096774358944559,3.126280115211978
2016-06-30,2016-07-19,0.69,0.58,0.11,18.9655,0.62,-0.040000000000000036,-0.06451612903225812,2016-07-18,0.25169754432664315,0.23658696443134292,0.95729,-0.03005,0.02424,0.01993,0.00513,0.00385,-0.04308,-0.02909,0.005,-0.00018,0.66364,0.41194245567335686,0.18965517241379312,0.2593451506174389,0.72218,0.46283484938256114,0.38491119999999995,0.23771876180646193,0.028832462381641836,0.2204641469130455,0.033384119526755573,0.636328,0.7111198895544967,0.47286333333333336,0.6190746031780012,0.3986092381935381,0.7258287859236489,0.24996310223165544,0.6149720805041627,48.0,6.15,0.04,619.0,53.709999084472656,50.41465377807617,241.4653778076172,-0.609910536659746,0.1152485590302217,1.0051310481851674
2016-09-30,2016-10-20,0.76,0.68,0.08,11.7647,0.69,-0.009999999999999898,-0.014492753623188259,2016-10-19,0.19833446465924223,0.19530932350675725,0.92832,-0.0524,0.03358,0.02928,0.00582,0.00456,-0.13976,-0.09785,0.00262,-0.00017,0.95632,0.7579855353407577,0.11764705882352941,0.25169754432664315,0.66364,0.41194245567335686,0.6502976,0.2347070698846371,0.032554832961658405,0.22195710944986757,0.03184081258220735,0.8236399999999999,0.6264135702553065,0.5769255555555556,0.6120655722043002,0.5889329301153629,0.6528006417202571,0.35236647719074204,0.6142233389433065,52.0,5.8,0.08,588.0,57.5,53.49980926513672,149.98092651367188,-0.744930397085592,0.10226086956521739,1.1446609011355957
2016-12-31,2017-01-26,0.84,0.79,0.05,6.3291,0.76,0.030000000000000027,0.03947368421052635,2017-01-25,0.1948281043122883,0.16492446974389222,0.98451,-0.03789,0.01175,0.02037,0.00184,0.00389,-0.03325,-0.08341,0.00307,-0.00014,0.70267,0.5078418956877118,0.06329113924050633,0.19833446465924223,0.95632,0.7579855353407577,0.5551093,0.23359213566942602,0.03408298871635539,0.21714755627638346,0.03195414384181857,0.612914,0.3508303271953548,0.5422388888888889,0.5926845155823718,0.37932186433057397,0.3729834198252568,0.32302375849461323,0.5977620379103574,57.0,6.8,0.09,689.0,64.12000274658203,59.38637924194336,238.63792419433594,-0.6536459735931264,0.10745476769910584,1.2174394421192165
2017-03-31,2017-04-27,0.73,0.7,0.03,4.2857,0.84,-0.14,-0.16666666666666669,2017-04-26,0.11891112181124186,3.5250605791489718,0.96434,-0.0318,0.02287,0.02143,0.00394,0.00359,-0.06877,-0.05942,0.00326,-0.00012,0.68315,0.5642388781887582,0.04285714285714286,0.1948281043122883,0.70267,0.5078418956877118,0.478205,0.20462327714537087,0.05633058275103467,0.2123263172517446,0.0423020282900504,0.745592,0.11980384330229059,0.6159488888888889,0.5599299906114252,0.5409687228546292,0.1336860721200456,0.40209069074421205,0.5743705210301051,62.0,5.95,0.05,600.0,68.1500015258789,62.18058395385742,18.058395385742188,-0.9699026743570963,0.08804108386881832,1.455190492441752
2017-06-30,2017-07-20,0.98,0.71,0.27,38.0282,0.73,-0.020000000000000018,-0.02739726027397263,2017-07-19,0.13659581759580972,0.08924858739900735,0.9861,-0.02221,0.01072,0.01458,0.00194,0.00289,-0.03143,-0.04793,0.00361,-9e-05,0.60511,0.4685141824041903,0.3802816901408451,0.11891112181124186,0.68315,0.5642388781887582,0.4296281,0.18007341054104503,0.05317967251992977,0.20613196008979023,0.04861010750408508,0.722178,0.1358839919563735,0.614865,0.5279181847860305,0.5421045894589549,0.13287792404963772,0.40873303991020987,0.5419289452857807,67.0,6.95,0.03,698.0,74.18000030517578,67.40585327148438,40.5853271484375,-0.9418548321655623,0.09409544312866473,1.520186023964795
2017-09-30,2017-10-26,0.84,0.72,0.12,16.6667,0.98,-0.26,-0.2653061224489796,2017-10-25,0.12332456649290922,0.09350588116942257,0.96151,-0.02327,0.02101,0.01563,0.00486,0.0032,-0.08522,-0.0484,0.00378,-0.0001,0.68315,0.5598254335070908,0.16666666666666666,0.13659581759580972,0.60511,0.4685141824041903,0.491868,0.15439881497429825,0.03907301098581428,0.1960587883903801,0.05455637059066218,0.72608,0.13405054680977538,0.681204,0.4847430865291195,0.5716811850257016,0.1113823852933319,0.48514521160961993,0.4979757463824929,72.0,6.75,0.04,679.0,79.19999694824219,76.96685791015625,496.685791015625,-0.2685039896677099,0.0857323265357866,0.4540323212991057
2017-12-31,2018-01-31,0.96,0.86,0.1,11.6279,0.84,0.020000000000000018,0.023809523809523832,2018-01-30,0.1540099597938519,0.1252028675358968,0.90713,-0.0992,0.03069,0.03127,0.01398,0.01467,-0.15303,-0.16189,0.00634,-0.00078,0.64413,0.4901200402061481,0.11627906976744187,0.12332456649290922,0.68315,0.5598254335070908,0.5539518,0.1455339140012202,0.030755805544608616,0.19012049194292863,0.05568021414086833,0.6636420000000001,0.0390225001761769,0.743641,0.426831383060753,0.5181080859987798,0.042475486211897374,0.5535205080570714,0.43771525185997984,86.0,7.25,0.28,753.0,93.75,84.70938110351562,129.0618896484375,-0.8286030681959662,0.08032,1.60975943090209
2018-03-31,2018-04-26,0.95,0.85,0.1,11.7647,0.96,-0.10999999999999999,-0.11458333333333333,2018-04-25,0.24465934364541575,0.27770208019679465,0.97618,-0.09362,0.01683,0.03299,0.00383,0.01142,-0.05069,-0.21143,0.00459,-0.00049,0.48804,0.24338065635458422,0.11764705882352942,0.1540099597938519,0.64413,0.4901200402061481,0.414834,0.1555001618678457,0.05167925458977367,0.19454614876863585,0.058286145513836714,0.620716,0.08091769324443007,0.6168150000000001,0.24006261781506485,0.46521583813215434,0.13095656171917194,0.4222688512313642,0.26739680188521503,86.0,7.9,0.25,815.0,93.55000305175781,88.85360717773438,285.3607177734375,-0.6498641499712423,0.08711918475823995,0.8176313394289854
2018-06-30,2018-07-19,1.13,1.08,0.05,4.6296,0.95,0.13000000000000012,0.13684210526315801,2018-07-18,0.1724627134622137,0.15142295460331612,0.9328,-0.0615,0.02596,0.02499,0.01012,0.00945,-0.16778,-0.14723,0.00497,-0.00036,0.64413,0.4716672865377863,0.046296296296296294,0.24465934364541575,0.48804,0.24338065635458422,0.6956604000000001,0.16621048019804005,0.04758780602863486,0.18541687867170548,0.053166188886099655,0.612912,0.07506062762860218,0.6792520000000001,0.11735898903222691,0.44670151980196,0.11949962660773161,0.4938351213282946,0.12945366845217215,98.0,7.35,0.15,750.0,104.93000030517578,98.9709701538086,97.09701538085938,-0.8705373128255208,0.07147622203552072,0.92813306893533
2018-09-30,2018-10-24,1.14,0.96,0.18,18.75,1.13,-0.16999999999999993,-0.15044247787610615,2018-10-23,0.2044521815242714,0.2172161568086632,0.83527,-0.15349,0.03162,0.03174,0.0243,0.0232,-0.32909,-0.29333,0.00678,-0.00141,0.80022,0.5957678184757287,0.1875,0.1724627134622137,0.64413,0.4716672865377863,0.7682112,0.1797817529837324,0.04669823172411954,0.1799275817623887,0.04718217921851435,0.651934,0.11174325988622187,0.687056,0.12299033857267778,0.4721522470162676,0.1375017405429491,0.5071284182376112,0.13270117262371153,101.0,7.98,0.64,862.0000000000001,108.41000366210938,99.9969253540039,100.30746459960938,-0.8836340317869961,0.0795129573730731,1.2823575150560769
2018-12-31,2019-01-30,1.1,1.09,0.01,0.9174,1.14,-0.04999999999999982,-0.04385964912280686,2019-01-29,0.25069714965840917,0.28384357181063186,0.84643,-0.15357,0.03824,0.03824,0.0221,0.0221,-0.24978,-0.2434,0.00663,-0.00134,0.66364,0.41294285034159084,0.009174311926605503,0.2044521815242714,0.80022,0.5957678184757287,0.7233676000000001,0.20525626961683238,0.04277769271260124,0.17982754229556533,0.047013859017005485,0.648032,0.11071662960007281,0.687056,0.12299033857267778,0.4427757303831676,0.12954842819097873,0.5072284577044347,0.1326217950049588,97.0,6.6,0.53,713.0,104.62000274658203,96.50414276123047,49.585723876953125,-0.9304548052216646,0.06815140329589543,1.281847883122651
2019-03-31,2019-04-24,1.14,1.0,0.14,14.0,1.1,-0.10000000000000009,-0.09090909090909098,2019-04-23,0.14639292666440165,0.13148990968332344,0.90451,-0.09549,0.02831,0.02831,0.01929,0.01929,-0.17656,-0.16867,0.00869,-0.00101,0.52706,0.38066707333559835,0.14,0.25069714965840917,0.66364,0.41294285034159084,0.52706,0.20373286299094234,0.0451298931130423,0.1746333884960813,0.047607540797580165,0.6246180000000001,0.12340037528305857,0.64413,0.08869975197259397,0.4208851370090577,0.12879362581597142,0.4694966115039188,0.10392230775637118,118.0,7.95,0.28,823.0,125.79000091552734,122.47966003417969,447.96600341796875,-0.4556913688724559,0.06542650401542449,0.4233553686481015
2019-06-30,2019-07-18,1.37,1.21,0.16,13.2231,1.14,0.07000000000000006,0.061403508771929884,2019-07-17,0.182537371454451,0.20176810676238097,0.8872,-0.10577,0.03039,0.02995,0.01931,0.01844,-0.30905,-0.27797,0.00621,-0.00081,0.62462,0.4420826285455489,0.1322314049586777,0.14639292666440165,0.52706,0.38066707333559835,0.7557902,0.19130846855274938,0.03920865072440009,0.17340431521029753,0.047185027822428185,0.651934,0.09814051293935508,0.636325,0.08637987307366173,0.4606255314472506,0.08275897299961978,0.46292068478970255,0.10330502406072774,129.0,7.75,0.33,808.0,135.5500030517578,129.30255126953125,30.255126953125,-0.9625555359491027,0.05960899902683712,0.7490478843715362
2019-09-30,2019-10-23,1.38,1.25,0.13,10.4,1.37,-0.1200000000000001,-0.08759124087591248,2019-10-22,0.19983085884090543,0.23006285277592028,0.93542,-0.11706,0.02489,0.03017,0.0156,0.0243,-0.11266,-0.21265,0.00987,-0.00134,0.40999,0.2101591411590946,0.10400000000000001,0.182537371454451,0.62462,0.4420826285455489,0.5124875,0.19678209762848775,0.037805220345573154,0.18149628891326391,0.04360414780572099,0.605106,0.14666111441005647,0.609009,0.10991241729971349,0.4083239023715122,0.13813976684541848,0.42751271108673616,0.12343830108513841,129.0,8.05,0.39,844.0000000000001,136.8800048828125,133.6359405517578,463.59405517578125,-0.45071794410452465,0.06165984584253752,0.3807568055539247
2019-12-31,2020-01-29,1.51,1.32,0.19,14.3939,1.38,-0.05999999999999983,-0.0434782608695651,2020-01-28,0.20005570202639852,0.23204882065646631,0.82342,-0.15331,0.02856,0.02885,0.03889,0.03549,-0.3976,-0.32216,0.01047,-0.00214,0.60511,0.4050542979736015,0.14393939393939392,0.19983085884090543,0.40999,0.2101591411590946,0.7987452,0.19590280172891314,0.03763296172871587,0.18784227735632278,0.040875935803285135,0.566084,0.10044261361593308,0.609009,0.10991241729971349,0.37018119827108686,0.09210255151785662,0.42116672264367727,0.12272538067175173,157.5,9.35,0.67,1002.0,167.83999633789062,162.19888305664062,469.8883056640625,-0.5310495951456462,0.059699715315937124,0.542715569689533
2020-03-31,2020-04-29,1.4,1.26,0.14,11.1111,1.51,-0.25,-0.16556291390728478,2020-04-28,0.343531718793161,0.3505421818357306,0.79661,-0.21688,0.03036,0.02961,0.04354,0.04521,-0.4392,-0.48532,0.01043,-0.00313,0.60511,0.261578281206839,0.11111111111111112,0.20005570202639852,0.60511,0.4050542979736015,0.7624386000000001,0.21446971555586353,0.0753876388693081,0.20986299258634794,0.057989584618072854,0.554378,0.08898817039359565,0.601205,0.10678948421491966,0.33990828444413645,0.09914044095826018,0.3913420074136521,0.12151852520210508,162.5,8.8,1.3,1010.0000000000001,173.22000122070312,166.78848266601562,428.8482666015625,-0.5753977558400372,0.05830735439801427,0.6006283745084864
2020-06-30,2020-07-22,1.46,1.34,0.12,8.9552,1.4,-0.05999999999999983,-0.04285714285714274,2020-07-21,0.3839389674141585,0.3649687574342804,0.75392,-0.235,0.02306,0.02377,0.05963,0.05816,-0.71818,-0.66204,0.01205,-0.00418,0.72218,0.33824103258584154,0.08955223880597014,0.343531718793161,0.60511,0.261578281206839,0.9677212000000002,0.2619789237058149,0.0942509127563459,0.23285589334837864,0.07612947757544873,0.593402,0.11343770656179387,0.60901,0.1129499201711376,0.3314230762941851,0.09656191692861289,0.3761541066516214,0.11721616222242624,200.0,11.0,2.02,1302.0,209.1999969482422,192.86264038085938,713.7359619140625,-0.4518156974546371,0.06223709459814789,1.2907957614040213
2020-09-30,2020-10-27,1.82,1.54,0.28,18.1818,1.46,0.08000000000000007,0.05479452054794526,2020-10-26,0.1985861243033507,0.1887530185110951,0.79755,-0.19502,0.0219,0.02215,0.06202,0.06064,-0.45437,-0.42898,0.01709,-0.00464,0.5856,0.3870138756966493,0.18181818181818182,0.3839389674141585,0.72218,0.33824103258584154,0.9018240000000001,0.2651886742755948,0.09108939636421899,0.22824857141417212,0.07672758281422765,0.5855980000000001,0.11208729709471829,0.618766,0.10529411297250363,0.3204093257244052,0.08296852139423037,0.39051742858582794,0.10753952941720352,200.0,11.8,1.5,1330.0,211.58999633789062,194.4525146484375,554.74853515625,-0.5828958382283834,0.06285741400912484,1.3407995087236988
2020-12-31,2021-01-26,2.03,1.64,0.39,23.7805,1.82,-0.18000000000000016,-0.09890109890109898,2021-01-25,0.26870937487036695,0.24790819745514778,0.80393,-0.21292,0.02359,0.02294,0.06647,0.06981,-0.40587,-0.45983,0.01903,-0.00553,0.48804,0.21933062512963303,0.2378048780487805,0.1985861243033507,0.5856,0.3870138756966493,0.8003855999999999,0.27896437748148717,0.08363763181156866,0.2378732375549874,0.07496871226369531,0.601208,0.08323953669981389,0.603157,0.1124431697495807,0.3222436225185129,0.07996886810343387,0.3652837624450126,0.11567915237526012,220.0,11.2,1.59,1279.0,231.86000061035156,223.3579864501953,335.79864501953125,-0.737452193104354,0.0551625979743441,0.5930388990602603
2021-03-31,2021-04-27,1.95,1.78,0.17,9.5506,2.03,-0.24999999999999978,-0.12315270935960582,2021-04-26,0.2275033888742097,0.23725139313564578,0.85858,-0.15218,0.01996,0.02002,0.06136,0.06445,-0.31488,-0.34596,0.02325,-0.00447,0.40999,0.18248661112579032,0.0955056179775281,0.26870937487036695,0.48804,0.21933062512963303,0.7297822,0.28445391485104937,0.07786525702117218,0.2401783582899813,0.07417711636176068,0.562184,0.11900632012628415,0.5641339999999999,0.10383904020699912,0.2777300851489507,0.08418316144176086,0.3239556417100188,0.09640583169285398,250.0,12.95,1.0,1395.0,261.5799865722656,243.38743591308594,661.2564086914062,-0.5259810690384185,0.05332976801016117,1.1443226717758994
2021-06-30,2021-07-27,2.17,1.92,0.25,13.0208,1.95,-0.030000000000000027,-0.0153846153846154,2021-07-26,0.21013832868222226,0.19412911644505937,0.78782,-0.20079,0.02454,0.025,0.08774,0.08491,-0.42883,-0.39359,0.0238,-0.0065,0.39048,0.18034167131777773,0.13020833333333334,0.2275033888742097,0.40999,0.18248661112579032,0.7497216,0.2577752368288616,0.07537548196832447,0.2361224761923626,0.07464542699158196,0.519258,0.1370003938680454,0.536818,0.11047148730177539,0.2614827631711384,0.09519842921765073,0.3006955238076375,0.1005223456655704,280.0,10.55,1.37,1192.0000000000002,289.42999267578125,275.6112976074219,438.8702392578125,-0.6318202690790164,0.04118439796027897,0.7766113276853629
2021-09-30,2021-10-26,2.27,2.07,0.2,9.6618,2.17,-0.10000000000000009,-0.046082949308755804,2021-10-25,0.16165208737584988,2.729817755546951e-13,0.76059,-0.22801,0.02594,0.02665,0.10014,0.09747,-0.46487,-0.42805,0.0246,-0.00787,0.37097,0.20931791262415014,0.09661835748792272,0.21013832868222226,0.39048,0.18034167131777773,0.7679079,0.2133178608211999,0.039261732851348055,0.2376483922635074,0.07273897051957647,0.449016,0.0883441165556569,0.521209,0.12238803376964451,0.23569813917880014,0.08624973802706656,0.28356060773649266,0.09997835510583808,300.0,10.0,1.66,1166.0,311.0,321.4107971191406,2141.0797119140625,0.8362604733396762,0.037491961414791,0.5227020569613597
2021-12-31,2022-01-25,2.48,2.31,0.17,7.3593,2.27,0.040000000000000036,0.017621145374449355,2022-01-24,0.2711948462480158,0.3649907238677014,0.62051,-0.37949,0.01571,0.01571,0.11808,0.11808,-1.15273,-1.1521,0.01872,-0.01306,0.78071,0.5095151537519842,0.0735930735930736,0.16165208737584988,0.37097,0.20931791262415014,1.8034401,0.22783960521013294,0.04539892825480425,0.2465141397428639,0.07064838259285024,0.4880380000000001,0.16953677320864502,0.536818,0.14492143563554125,0.26019839478986706,0.1403870203809316,0.29030386025713617,0.11325122253209646,290.0,13.5,7.15,2065.0,291.5199890136719,299.3166198730469,931.6619873046875,-0.548831967406931,0.07083562286712197,0.4189816974028547
2022-03-31,2022-04-26,2.22,2.19,0.03,1.3699,2.48,-0.29000000000000004,-0.11693548387096776,2022-04-25,0.3202659210132958,0.38795542247701786,0.6196,-0.3804,0.01747,0.01747,0.11193,0.11193,-1.03917,-1.03669,0.01777,-0.01236,0.74169,0.42142407898670414,0.0136986301369863,0.2711948462480158,0.78071,0.5095151537519842,1.6243010999999998,0.2381509144387187,0.06038402321303056,0.25855764596010294,0.07205729338644004,0.5387679999999999,0.20398685158607552,0.569988,0.1505193632283446,0.3006170855612813,0.15410163512687372,0.31143035403989716,0.11630353152657882,275.0,12.1,6.2,1830.0,277.5,270.0256042480469,497.4395751953125,-0.7281750955216871,0.06594594594594595,0.4334399143687497
2022-06-30,2022-07-26,2.23,2.29,-0.06,-2.6201,2.22,0.06999999999999984,0.03153153153153146,2022-07-25,0.29754176611627436,0.29211294250623315,0.71436,-0.28564,0.02008,0.02008,0.09209,0.09209,-0.72648,-0.71566,0.01895,-0.00844,0.62462,0.3270782338837256,-0.026200873362445413,0.3202659210132958,0.74169,0.42142407898670414,1.4303797999999999,0.25215858988713163,0.06522604855915583,0.2683062523690905,0.06982296079114063,0.5816939999999999,0.19236432083419122,0.5719390000000001,0.1511503096222054,0.32953541011286835,0.1392419582066932,0.3036327476309095,0.11185803980382947,250.0,12.15,3.15,1530.0,259.8599853515625,273.7948913574219,2379.4891357421875,0.555221657347835,0.058877860626755416,0.8292253377175173
2022-09-30,2022-10-25,2.35,2.3,0.05,2.1739,2.23,0.06999999999999984,0.03139013452914791,2022-10-24,0.3323230122662164,2.247355218060494e-72,0.67603,-0.3199,0.02033,0.02082,0.09304,0.09255,-0.80764,-0.76076,0.01709,-0.00907,0.68315,0.3508269877337836,0.02173913043478261,0.29754176611627436,0.62462,0.3270782338837256,1.571245,0.2765955266039305,0.06836037325399984,0.26718538171639605,0.06855972572353494,0.6402279999999999,0.16172160344245826,0.5797429999999999,0.15501838314284502,0.3636324733960695,0.11173048225548661,0.312557618283604,0.11169013415586547,240.0,11.65,3.7,1535.0000000000002,247.25999450683594,230.523193359375,947.6806640625,-0.3826184598941369,0.06208040257630769,1.1126270013748703
2022-12-31,2023-01-24,2.32,2.29,0.03,1.31,2.35,-0.06000000000000005,-0.025531914893617044,2023-01-23,0.37799877534783033,1.6438790538592714,0.58062,-0.41574,0.02464,0.02623,0.09923,0.09904,-0.79058,-0.71246,0.01459,-0.01156,0.62462,0.24662122465216962,0.013100436681222707,0.3323230122662164,0.68315,0.3508269877337836,1.4303797999999999,0.3198648641983265,0.04000627850929549,0.26659136250976323,0.06745253785541769,0.690958,0.06980612917215653,0.569987,0.14796776781523024,0.37109313580167347,0.09941723179220349,0.3033956374902368,0.11309815104300426,240.0,8.05,4.8,1285.0000000000002,242.5,243.21810913085938,321.8109130859375,-0.7495634917619164,0.05298969072164949,0.04693931372238625
2023-03-31,2023-04-25,2.45,2.23,0.22,9.8655,2.32,-0.08999999999999986,-0.0387931034482758,2023-04-24,0.3131410073051642,0.5104779732455613,0.68366,-0.31056,0.02289,0.02358,0.10497,0.10415,-0.71574,-0.64875,0.01999,-0.00993,0.52706,0.21391899269483577,0.09865470852017938,0.37799877534783033,0.62462,0.24662122465216962,1.1753437999999998,0.3282540964097563,0.030522748890798482,0.2780468508099446,0.0642724052186734,0.6402279999999999,0.07973558032647486,0.564133,0.14843869337204388,0.31197390359024374,0.08307042498760749,0.2860861491900554,0.11212027385063515,275.0,10.4,3.15,1355.0,279.510009765625,301.89544677734375,2689.544677734375,0.9849038212061808,0.048477691412060556,1.2230141477579497
2023-06-30,2023-07-25,2.69,2.55,0.14,5.4902,2.45,0.09999999999999964,0.040816326530612096,2023-07-24,0.2855652455157239,0.26320651303674014,0.60159,-0.3962,0.0161,0.01656,0.13943,0.13922,-1.18382,-1.10099,0.0214,-0.01573,0.66364,0.37807475448427613,0.05490196078431373,0.3131410073051642,0.52706,0.21391899269483577,1.6922819999999998,0.32131396131024187,0.03620860556516135,0.27973243787448027,0.06422132253893442,0.6246179999999999,0.06013791416402554,0.5816929999999999,0.14882292744884476,0.3033040386897582,0.07003022711323076,0.3019605621255198,0.11285400397859699,340.0,12.5,7.0,1950.0,347.1099853515625,333.1890563964844,681.0943603515625,-0.6507208408453525,0.05617815915105371,0.6497693964995378
2023-09-30,2023-10-24,2.99,2.65,0.34,12.8302,2.69,-0.040000000000000036,-0.014869888475836444,2023-10-23,0.223570925771222,0.1437289726756937,0.60627,-0.39373,0.02042,0.02042,0.13263,0.13263,-0.93383,-0.88639,0.02079,-0.0148,0.54657,0.322999074228778,0.12830188679245286,0.2855652455157239,0.66364,0.37807475448427613,1.4484105,0.30651979324123135,0.05731164618920211,0.2793391915641815,0.06458766641248564,0.609008,0.0695330940631846,0.595351,0.13712146638412603,0.30248820675876864,0.06970703873567397,0.31601180843581855,0.10478467589475357,325.0,10.15,5.5,1565.0,331.29998779296875,325.44769287109375,44.769287109375,-0.9713934267671726,0.04723815447219327,0.28292375789828794
2023-12-31,2024-01-30,2.93,2.78,0.15,5.3957,2.99,-0.2100000000000004,-0.07023411371237472,2024-01-29,0.1643918999913494,5.073824827107765e-08,0.59535,-0.40465,0.01653,0.01653,0.1662,0.1662,-1.16938,-1.11028,0.02542,-0.01894,0.54657,0.3821781000086506,0.053956834532374105,0.223570925771222,0.54657,0.322999074228778,1.5194645999999998,0.27293357078625796,0.08220836239289916,0.2747645486950942,0.0713044697960169,0.581692,0.05918203502752867,0.6109600000000001,0.11887982699628367,0.3087584292137421,0.07624557018122402,0.3361954513049058,0.09470201943260495,405.0,12.1,7.0,1910.0000000000002,412.260009765625,406.6045227050781,160.4522705078125,-0.91599357565036,0.04632998483374265,0.2192780314079887
2024-03-31,2024-04-25,2.94,2.82,0.12,4.2553,2.93,-0.11000000000000032,-0.03754266211604106,2024-04-24,0.17556057376213874,7.9497309757375055e-25,0.58182,-0.41818,0.01652,0.01652,0.11825,0.11825,-2.34104,-2.28192,0.0124,-0.00978,0.78071,0.6051494262378613,0.0425531914893617,0.1643918999913494,0.54657,0.3821781000086506,2.2016022,0.23244593046911968,0.06572559934480122,0.2761553973337231,0.068949741642788,0.61291,0.1082850250496332,0.651934,0.09523240288893105,0.38046406953088036,0.14276873305175253,0.37577860266627694,0.1160872873004999,405.0,11.75,7.5,1925.0,394.0299987792969,402.5024719238281,249.7528076171875,-0.8702582817573052,0.04885414831265744,0.33771734146527077
2024-06-30,2024-07-30,2.95,2.93,0.02,0.6826,2.94,-0.009999999999999787,-0.0034013605442176145,2024-07-29,0.19456311091963963,0.6698076874197367,0.54182,-0.45818,0.01468,0.01468,0.17724,0.17724,-1.37263,-1.3106,0.02405,-0.0225,0.60511,0.4105468890803604,0.006825938566552901,0.17556057376213874,0.78071,0.6051494262378613,1.7729723000000002,0.20873035119201475,0.04845277785156777,0.26849222380088544,0.07365991952715685,0.6285200000000001,0.09794749052425852,0.634374,0.08442523835388792,0.4197896488079853,0.10835918516112678,0.36588177619911455,0.10730549398679962,425.0,12.0,9.85,2185.0,427.7200012207031,405.3819274902344,1961.8072509765625,-0.10214771122354119,0.0510848217002726,0.851494714457966
2024-09-30,2024-10-30,3.3,3.1,0.2,6.4516,2.95,0.1499999999999999,0.05084745762711861,2024-10-29,0.18655232012824355,0.202676990336549,0.54517,-0.45413,0.01571,0.0162,0.15522,0.15519,-1.69611,-1.58851,0.01844,-0.01684,0.64413,0.45757767987175646,0.06451612903225806,0.19456311091963963,0.60511,0.4105468890803604,1.996803,0.18892776611451867,0.022462407058829806,0.25512086371238024,0.07533462615955541,0.624618,0.09657765435130275,0.624618,0.07584725012227395,0.43569023388548134,0.10652524570417361,0.36949713628761977,0.109960954900394,430.0,11.4,9.0,2039.9999999999998,437.44000244140625,407.981689453125,2201.8310546875,0.07932894837622562,0.04663496682092424,1.1067272639027146
2024-12-31,2025-01-29,3.23,3.11,0.12,3.8585,3.3,-0.18999999999999995,-0.057575757575757565,2025-01-28,0.2006818200701216,0.1835081600608161,0.54927,-0.45073,0.01614,0.01614,0.16051,0.16051,-1.64658,-1.59381,0.01929,-0.01728,0.60511,0.40442817992987845,0.03858520900321544,0.18655232012824355,0.64413,0.45757767987175646,1.8818921,0.1843499449742986,0.014589944867428739,0.24543486910776496,0.07550102625094751,0.6363260000000001,0.08790998054828432,0.622667,0.07609770489311536,0.4519760550257014,0.08991995133316132,0.37723213089223506,0.10936443538154152,445.0,11.1,8.75,1985.0000000000002,446.69000244140625,413.4703369140625,3152.96630859375,0.5883961252361459,0.04443797687772023,1.226767234749692
2025-03-31,2025-04-30,3.46,3.22,0.24,7.4534,3.23,-0.009999999999999787,-0.0030959752321980762,2025-04-29,0.2841422061371086,2.471029342711006,0.49746,-0.50254,0.01734,0.01734,0.14251,0.14251,-1.55217,-1.50532,0.01539,-0.01707,0.64413,0.35998779386289137,0.07453416149068322,0.2006818200701216,0.60511,0.40442817992987845,2.0740986,0.20830000620345043,0.04342698075212809,0.24061678849485418,0.07072655810700418,0.655838,0.07248074033838071,0.618765,0.0736115610258765,0.44753799379654957,0.09464934537657803,0.3781482115051459,0.10915684997815456,395.0,8.9,9.65,1855.0,390.29998779296875,434.48236083984375,3948.236083984375,1.128429155786725,0.04752754440217838,1.702377532909036
